{"__type__":"cc.AnimationClip","_name":"chuLight","_duration":0.3333333333333333,"speed":0.2,"wrapMode":"2","curveData":{"paths":{"light":{"props":{"x":[{"frame":0,"value":-152.1},{"frame":0.16666666666666666,"value":266.2},{"frame":0.3333333333333333,"value":266.2}]}}}}}